pressure(bar),uptake(cm^3 (STP)/cm^3 framework)
0.0001,0.0597787017
2.50008,49.3026947369
5.00005,50.7697987899
7.50002,50.8965127985
10.0,51.2219278438
