pressure(bar),uptake(cm^3 (STP)/cm^3 framework)
0.0001,0.0042097677
2.50008,35.1195662873
5.00005,41.2224665614
7.50002,44.6580580035
10.0,46.2051476433
